Fwd Packet Length Min,Fwd Packet Length Mean,Flow IAT Mean,Fwd IAT Max,Bwd Packets/s,Packet Length Min,Avg Fwd Segment Size,Label,Class
224.0,332.0,1.3333334,3.0,0.0,224.0,332.0,DrDoS_NTP,Attack
440.0,440.0,7.909091,56.0,0.0,440.0,440.0,DrDoS_NTP,Attack
1237.0,1237.0,2.0,2.0,0.0,1237.0,1237.0,DrDoS_SNMP,Attack
6.0,6.0,10538676.0,31616024.0,0.0,6.0,6.0,Syn,Attack
0.0,0.0,1466375.0,10239974.0,0.3896879,0.0,0.0,Benign,Benign
440.0,440.0,27.276382,907.0,0.0,440.0,440.0,DrDoS_NTP,Attack
440.0,440.0,48.502926,349.0,0.0,440.0,440.0,DrDoS_NTP,Attack
516.0,516.0,999676.0,2999026.0,0.0,516.0,516.0,TFTP,Attack
80.0,431.0,19.050632,151.0,0.0,80.0,431.0,DrDoS_NTP,Attack
0.0,0.0,1886551.9,9925315.0,0.0,0.0,0.0,Benign,Benign
516.0,516.0,1000139.7,3000418.0,0.0,516.0,516.0,TFTP,Attack
0.0,86.28571,2166138.8,58471188.0,0.23082548,0.0,86.28571,Benign,Benign
80.0,423.63635,9.186047,47.0,0.0,80.0,423.63635,DrDoS_NTP,Attack
516.0,516.0,36578.855,119885.0,0.0,516.0,516.0,TFTP,Attack
516.0,516.0,1000516.0,3001547.0,0.0,516.0,516.0,TFTP,Attack
516.0,516.0,1201196.4,3006844.0,0.0,516.0,516.0,TFTP,Attack
41.0,41.0,6947.3335,2.0,95.96008,41.0,41.0,Benign,Benign
6.0,6.0,6867370.0,17994876.0,0.0,6.0,6.0,Syn,Attack
440.0,440.0,50.666668,361.0,0.0,440.0,440.0,DrDoS_NTP,Attack
31.0,31.0,6937.0,2.0,96.10302,31.0,31.0,Benign,Benign
6.0,6.0,1284189.8,12941160.0,0.38069835,6.0,6.0,Syn,Attack
6.0,6.0,1.0,1.0,0.0,6.0,6.0,Benign,Benign
0.0,85.125,22822.174,699662.0,25.705996,0.0,85.125,Benign,Benign
330.0,359.5,35376.668,106128.0,0.0,330.0,359.5,UDP,Attack
42.0,42.0,6896.3335,1.0,96.66973,42.0,42.0,Benign,Benign
0.0,194.13333,2027950.1,10031185.0,0.24222887,0.0,194.13333,Benign,Benign
32.0,32.0,6917.3335,2.0,96.37625,32.0,32.0,Benign,Benign
0.0,0.0,3231198.0,15988560.0,0.11253918,0.0,0.0,UDP-lag,Attack
6.0,6.0,41.333332,47.0,16129.032,6.0,6.0,Syn,Attack
449.0,449.0,1.0,1.0,0.0,449.0,449.0,MSSQL,Attack
0.0,0.0,21621.0,1.0,30.834219,0.0,0.0,Benign,Benign
25.0,25.0,14944.667,3.0,44.609,25.0,25.0,Benign,Benign
0.0,0.0,6839909.5,18198440.0,0.0,0.0,0.0,UDP-lag,Attack
6.0,6.0,125.5,0.0,7968.1274,6.0,6.0,Benign,Benign
6.0,399.33334,0.5,1.0,0.0,6.0,399.33334,Benign,Benign
0.0,0.0,1.5,2.0,0.0,0.0,0.0,Benign,Benign
6.0,6.0,28.333334,1.0,23529.412,6.0,6.0,Syn,Attack
516.0,516.0,1000000.7,3000000.0,0.0,516.0,516.0,TFTP,Attack
440.0,440.0,47.058823,455.0,0.0,440.0,440.0,DrDoS_NTP,Attack
32.0,32.0,7267.3335,1.0,91.7347,32.0,32.0,Benign,Benign
31.0,31.0,1.0,0.0,1000000.0,6.0,31.0,Benign,Benign
44.0,44.0,6966.6665,4.0,95.69378,44.0,44.0,Benign,Benign
31.0,33.666668,18321.6,374.0,32.74823,0.0,33.666668,Benign,Benign
516.0,516.0,999837.7,2999512.0,0.0,516.0,516.0,TFTP,Attack
0.0,0.0,90474.0,0.0,11.052899,0.0,0.0,Benign,Benign
50.0,50.0,6950.3335,2.0,95.91866,50.0,50.0,Benign,Benign
330.0,349.5,35276.0,105779.0,0.0,330.0,349.5,DrDoS_UDP,Attack
6.0,6.0,2246108.5,26494800.0,0.21493112,6.0,6.0,Syn,Attack
29.0,29.0,6962.3335,4.0,95.75334,29.0,29.0,Benign,Benign
516.0,516.0,1000061.7,3000096.0,0.0,516.0,516.0,TFTP,Attack
80.0,368.0,1.3333334,2.0,0.0,80.0,368.0,DrDoS_NTP,Attack
80.0,350.0,0.5714286,1.0,0.0,80.0,350.0,DrDoS_NTP,Attack
0.0,163.85715,874960.44,10244025.0,0.5587554,0.0,163.85715,Benign,Benign
516.0,516.0,999707.3,2999120.0,0.0,516.0,516.0,TFTP,Attack
0.0,0.0,57825.5,0.0,17.29341,0.0,0.0,Benign,Benign
38.0,38.0,6906.3335,3.0,96.529755,38.0,38.0,Benign,Benign
330.0,349.5,35452.668,106309.0,0.0,330.0,349.5,DrDoS_UDP,Attack
38.0,38.0,6910.0,6.0,96.47853,38.0,38.0,Benign,Benign
0.0,0.0,1.0,1.0,0.0,0.0,0.0,Benign,Benign
152.0,296.0,633.3333,1898.0,0.0,152.0,296.0,DrDoS_NTP,Attack
50.0,50.0,6881.6665,3.0,96.875755,50.0,50.0,Benign,Benign
0.0,173.15152,12706.577,597709.0,42.675026,0.0,173.15152,Benign,Benign
516.0,516.0,1285722.8,3000217.0,0.0,516.0,516.0,TFTP,Attack
37.0,37.0,6889.6665,2.0,96.76327,37.0,37.0,Benign,Benign
452.0,452.0,1.0,1.0,0.0,452.0,452.0,MSSQL,Attack
516.0,516.0,1000521.7,3001563.0,0.0,516.0,516.0,TFTP,Attack
330.0,359.5,35683.668,107049.0,0.0,330.0,359.5,UDP,Attack
440.0,440.0,222.95726,5261.0,0.0,440.0,440.0,DrDoS_NTP,Attack
6.0,27.0,273.33334,816.0,0.0,6.0,27.0,Benign,Benign
330.0,349.5,35654.332,106959.0,0.0,330.0,349.5,UDP,Attack
39.0,39.0,6941.6665,3.0,96.038414,39.0,39.0,Benign,Benign
0.0,0.0,28.25,0.0,35398.23,0.0,0.0,Benign,Benign
516.0,516.0,999997.0,2999949.0,0.0,516.0,516.0,TFTP,Attack
80.0,350.0,4005.8572,16810.0,0.0,80.0,350.0,DrDoS_NTP,Attack
46.0,46.0,6874.6665,3.0,96.974396,46.0,46.0,Benign,Benign
43.0,43.0,7206.3335,3.0,92.511215,43.0,43.0,Benign,Benign
368.0,432.0,161.94118,2517.0,0.0,368.0,432.0,DrDoS_NTP,Attack
0.0,74.166664,2615542.5,58879412.0,0.18691681,0.0,74.166664,Benign,Benign
80.0,427.14285,23.981817,149.0,0.0,80.0,427.14285,DrDoS_NTP,Attack
0.0,0.0,1044703.1,1.0,0.82046545,0.0,0.0,Benign,Benign
321.0,348.0,42439.0,110035.0,0.0,321.0,348.0,UDP,Attack
0.0,0.0,808783.75,2.0,1.099044,0.0,0.0,Benign,Benign
35.0,35.0,18118.666,1.0,36.794468,35.0,35.0,Benign,Benign
0.0,112.85714,63736.125,449869.0,3.9224224,0.0,112.85714,Benign,Benign
6.0,6.0,90.5,0.0,11049.724,6.0,6.0,Benign,Benign
375.0,375.0,47.0,47.0,0.0,375.0,375.0,DrDoS_UDP,Attack
321.0,348.0,43462.2,110520.0,0.0,321.0,348.0,UDP,Attack
440.0,440.0,86.14286,444.0,0.0,440.0,440.0,DrDoS_NTP,Attack
516.0,516.0,1201608.8,3004070.0,0.0,516.0,516.0,TFTP,Attack
37.0,37.0,14948.667,46.0,44.597065,37.0,37.0,Benign,Benign
0.0,135.9762,654643.94,58019616.0,0.81526434,0.0,135.9762,Benign,Benign
44.0,44.0,6985.6665,1.0,95.43351,44.0,44.0,Benign,Benign
440.0,440.0,51.285713,213.0,0.0,440.0,440.0,DrDoS_NTP,Attack
6.0,6.0,33.0,0.0,30303.031,6.0,6.0,Benign,Benign
6.0,6.0,52.0,52.0,0.0,6.0,6.0,Syn,Attack
43.0,43.0,18512.666,3.0,36.01138,43.0,43.0,Benign,Benign
6.0,6.0,7365661.0,21005220.0,0.0,6.0,6.0,Syn,Attack
33.0,33.0,6923.0,4.0,96.29736,33.0,33.0,Benign,Benign
42.0,42.0,6901.6665,1.0,96.595024,42.0,42.0,Benign,Benign
321.0,348.0,42793.4,109889.0,0.0,321.0,348.0,UDP,Attack
486.0,486.0,48.0,48.0,0.0,486.0,486.0,UDP,Attack
0.0,0.0,103.0,0.0,9708.738,0.0,0.0,Benign,Benign
6.0,6.0,5213179.0,22296480.0,0.042627007,6.0,6.0,Syn,Attack
6.0,6.0,3.0,3.0,0.0,6.0,6.0,Benign,Benign
152.0,344.0,12.0,48.0,0.0,152.0,344.0,DrDoS_NTP,Attack
321.0,348.0,42948.8,107520.0,0.0,321.0,348.0,UDP,Attack
322.0,342.33334,47778.4,120007.0,0.0,322.0,342.33334,UDP,Attack
6.0,6.0,3758161.0,27286732.0,0.122809656,6.0,6.0,Syn,Attack
0.0,12.4,32.0,122.0,0.0,0.0,12.4,Benign,Benign
516.0,516.0,1199931.4,3000248.0,0.0,516.0,516.0,TFTP,Attack
516.0,516.0,999675.7,2999025.0,0.0,516.0,516.0,TFTP,Attack
6.0,6.0,4801434.5,22000126.0,0.03786747,6.0,6.0,Syn,Attack
516.0,516.0,364166.16,2002540.0,0.0,516.0,516.0,TFTP,Attack
440.0,440.0,78.71429,840.0,0.0,440.0,440.0,DrDoS_NTP,Attack
0.0,48.57143,55381.457,2541821.0,9.64038,0.0,48.57143,Benign,Benign
0.0,0.0,118.0,0.0,8474.576,0.0,0.0,Benign,Benign
30.0,30.0,11230.0,1.0,59.364796,30.0,30.0,Benign,Benign
296.0,424.0,271.41177,855.0,0.0,296.0,424.0,DrDoS_NTP,Attack
516.0,516.0,1199590.6,3000139.0,0.0,516.0,516.0,TFTP,Attack
39.0,39.0,18139.666,3.0,36.75187,39.0,39.0,Benign,Benign
274.0,310.75,1041.2667,4064.0,0.0,274.0,310.75,DrDoS_UDP,Attack
0.0,161.42857,16415.3,84864.0,24.367512,0.0,161.42857,Benign,Benign
516.0,516.0,1000350.3,3001049.0,0.0,516.0,516.0,TFTP,Attack
0.0,0.0,54782.0,0.0,18.254171,0.0,0.0,Benign,Benign
6.0,16.0,84.5,332.0,0.0,6.0,16.0,Benign,Benign
516.0,516.0,1199998.2,3000051.0,0.0,516.0,516.0,TFTP,Attack
6.0,6.0,2300802.0,15019720.0,0.18897003,6.0,6.0,Syn,Attack
0.0,110.0,9338.462,92907.0,49.423393,0.0,110.0,Benign,Benign
368.0,438.36365,42.655174,492.0,0.0,368.0,438.36365,DrDoS_NTP,Attack
6.0,6.0,39.333332,1.0,16949.152,6.0,6.0,Syn,Attack
451.0,451.0,1.0,1.0,0.0,451.0,451.0,DrDoS_MSSQL,Attack
516.0,516.0,1006637.3,3019910.0,0.0,516.0,516.0,TFTP,Attack
25.0,25.0,6967.6665,3.0,95.680046,25.0,25.0,Benign,Benign
336.0,363.0,45356.0,117086.0,0.0,336.0,363.0,UDP,Attack
6.0,6.0,4338726.0,18347418.0,0.07091766,6.0,6.0,Syn,Attack
36.0,36.0,6941.6665,3.0,96.038414,36.0,36.0,Benign,Benign
44.0,44.0,18143.0,3.0,36.745117,44.0,44.0,Benign,Benign
6.0,6.0,604.25,2415.0,0.0,6.0,6.0,Benign,Benign
0.0,26.875,6008726.0,53984130.0,0.03698325,0.0,26.875,Benign,Benign
47.0,47.0,6871.6665,3.0,97.01674,47.0,47.0,Benign,Benign
0.0,0.0,2.0,2.0,0.0,0.0,0.0,Benign,Benign
25.0,25.0,6968.6665,1.0,95.66631,25.0,25.0,Benign,Benign
516.0,516.0,1000290.3,3000820.0,0.0,516.0,516.0,TFTP,Attack
41.0,41.0,6850.0,3.0,97.3236,41.0,41.0,Benign,Benign
440.0,440.0,29.924623,693.0,0.0,440.0,440.0,DrDoS_NTP,Attack
6.0,6.0,5783569.0,19579636.0,0.03143702,6.0,6.0,Syn,Attack
0.0,0.0,7050584.5,22281526.0,0.018910961,0.0,0.0,Syn,Attack
25.0,25.0,7010.0,4.0,95.102234,25.0,25.0,Benign,Benign
330.0,349.5,34212.668,102636.0,0.0,330.0,349.5,DrDoS_UDP,Attack
0.0,0.0,90.0,0.0,11111.111,0.0,0.0,Benign,Benign
440.0,440.0,33.526318,621.0,0.0,440.0,440.0,DrDoS_NTP,Attack
25.0,25.0,6869.6665,2.0,97.04498,25.0,25.0,Benign,Benign
224.0,437.0411,5.1793103,45.0,0.0,224.0,437.0411,DrDoS_NTP,Attack
0.0,86.90909,2994306.8,58468416.0,0.15413867,0.0,86.90909,Benign,Benign
440.0,440.0,19.382978,97.0,0.0,440.0,440.0,DrDoS_NTP,Attack
0.0,0.0,2272168.2,9939501.0,0.0,0.0,0.0,Benign,Benign
0.0,0.0,100.5,0.0,9950.249,0.0,0.0,Benign,Benign
516.0,516.0,999928.0,2999740.0,0.0,516.0,516.0,TFTP,Attack
6.0,309.85715,8672.657,84127.0,72.47738,6.0,309.85715,Benign,Benign
6.0,6.0,3943013.2,13663086.0,0.05967368,6.0,6.0,Syn,Attack
6.0,6.0,5489522.5,18611622.0,0.03312095,6.0,6.0,Syn,Attack
440.0,440.0,225.58824,2749.0,0.0,440.0,440.0,DrDoS_NTP,Attack
1472.0,1472.0,3.0,3.0,0.0,1472.0,1472.0,DrDoS_SNMP,Attack
516.0,516.0,994921.0,2984760.0,0.0,516.0,516.0,TFTP,Attack
516.0,516.0,1067620.4,3202815.0,0.0,516.0,516.0,TFTP,Attack
516.0,516.0,999501.7,2998504.0,0.0,516.0,516.0,TFTP,Attack
32.0,32.0,15097.0,10.0,44.158882,32.0,32.0,Benign,Benign
330.0,359.5,35703.668,107105.0,0.0,330.0,359.5,UDP,Attack
47.0,47.0,18493.0,5.0,36.049675,47.0,47.0,Benign,Benign
1.0,1.0,9554.0,1.0,69.7788,0.0,1.0,Benign,Benign
0.0,0.0,2249300.0,9991034.0,0.0,0.0,0.0,Benign,Benign
41.0,41.0,18550.0,2.0,35.938904,41.0,41.0,Benign,Benign
0.0,0.0,95.0,0.0,10526.315,0.0,0.0,Benign,Benign
330.0,349.5,35472.332,106415.0,0.0,330.0,349.5,UDP-lag,Attack
45.0,45.0,7282.6665,3.0,91.54156,45.0,45.0,Benign,Benign
6.0,14.333333,26.285715,2.0,10869.565,6.0,14.333333,Benign,Benign
6.0,6.0,55191.0,0.0,18.118896,6.0,6.0,Benign,Benign
6.0,18.5,1.0,1.0,0.0,6.0,18.5,Benign,Benign
6.0,6.0,5920843.5,18063728.0,0.0,6.0,6.0,Syn,Attack
516.0,516.0,1000137.3,3000367.0,0.0,516.0,516.0,TFTP,Attack
32.0,32.0,6845.3335,4.0,97.389946,32.0,32.0,Benign,Benign
506.0,506.0,46.0,46.0,0.0,506.0,506.0,MSSQL,Attack
0.0,30.8,316.5,1261.0,0.0,0.0,30.8,Benign,Benign
550.0,550.0,2.0,2.0,0.0,550.0,550.0,MSSQL,Attack
440.0,440.0,11.191919,103.0,0.0,440.0,440.0,DrDoS_NTP,Attack
0.0,0.0,23232.0,1.0,28.69605,0.0,0.0,Benign,Benign
33.0,33.0,18157.666,3.0,36.71544,33.0,33.0,Benign,Benign
39.0,39.0,6922.6665,2.0,96.302,39.0,39.0,Benign,Benign
457.0,457.0,1.0,1.0,0.0,457.0,457.0,MSSQL,Attack
516.0,516.0,999142.7,2997426.0,0.0,516.0,516.0,TFTP,Attack
6.0,6.0,2789469.2,12486407.0,0.11320773,6.0,6.0,Syn,Attack
516.0,516.0,1000018.0,3000008.0,0.0,516.0,516.0,TFTP,Attack
440.0,440.0,54.503704,1690.0,0.0,440.0,440.0,DrDoS_NTP,Attack
42.0,42.0,7813.3335,3.0,85.324234,42.0,42.0,Benign,Benign
0.0,0.0,108.0,0.0,9259.259,0.0,0.0,Benign,Benign
0.0,119.11539,1251197.9,10043439.0,0.36094445,0.0,119.11539,Benign,Benign
0.0,132.25,7227.6665,66340.0,73.79053,0.0,132.25,Benign,Benign
0.0,0.0,1.5,2.0,0.0,0.0,0.0,Benign,Benign
1027.0,1027.0,1.0,1.0,0.0,1027.0,1027.0,MSSQL,Attack
0.0,0.0,357249.0,0.0,2.799168,0.0,0.0,Benign,Benign
51.0,51.0,6960.6665,2.0,95.77627,51.0,51.0,Benign,Benign
6.0,6.0,28.333334,17.0,23529.412,6.0,6.0,Syn,Attack
519.0,519.0,1.0,1.0,0.0,519.0,519.0,MSSQL,Attack
6.0,6.0,2675871.0,15074582.0,0.17248158,6.0,6.0,Syn,Attack
478.0,478.0,51.0,51.0,0.0,478.0,478.0,DrDoS_MSSQL,Attack
516.0,516.0,1005041.7,3015078.0,0.0,516.0,516.0,TFTP,Attack
0.0,19.5,13997.2,69982.0,28.577145,0.0,19.5,Benign,Benign
440.0,440.0,8.476636,162.0,0.0,440.0,440.0,DrDoS_NTP,Attack
0.0,0.0,2.0,2.0,0.0,0.0,0.0,Benign,Benign
516.0,516.0,1000022.0,3000065.0,0.0,516.0,516.0,TFTP,Attack
0.0,105.0625,6581.1924,57296.0,64.28576,0.0,105.0625,Benign,Benign
6.0,6.0,105.0,0.0,9523.81,6.0,6.0,Benign,Benign
516.0,516.0,514061.0,1705740.0,0.0,516.0,516.0,TFTP,Attack
516.0,516.0,999983.3,2999948.0,0.0,516.0,516.0,TFTP,Attack
516.0,516.0,999173.0,2997517.0,0.0,516.0,516.0,TFTP,Attack
31.0,31.0,21942.666,3.0,30.382208,31.0,31.0,Benign,Benign
516.0,516.0,999491.3,2998472.0,0.0,516.0,516.0,TFTP,Attack
42.0,42.0,6878.6665,1.0,96.91801,42.0,42.0,Benign,Benign
368.0,437.67743,4.9508195,43.0,0.0,368.0,437.67743,DrDoS_NTP,Attack
481.0,481.0,1.0,1.0,0.0,481.0,481.0,DrDoS_MSSQL,Attack
0.0,0.0,816250.3,3.0,1.0889906,0.0,0.0,Benign,Benign
440.0,440.0,4.5427136,99.0,0.0,440.0,440.0,DrDoS_NTP,Attack
224.0,332.0,881.0,2639.0,0.0,224.0,332.0,DrDoS_NTP,Attack
0.0,0.0,6941.3335,0.0,144.06454,0.0,0.0,Benign,Benign
516.0,516.0,1001078.7,3003187.0,0.0,516.0,516.0,TFTP,Attack
0.0,244.425,1391834.6,10030870.0,0.38087896,0.0,244.425,Benign,Benign
440.0,440.0,197.45714,4900.0,0.0,440.0,440.0,DrDoS_NTP,Attack
60.0,60.0,6876.3335,3.0,96.9509,60.0,60.0,Benign,Benign
1424.0,1424.0,46.0,46.0,0.0,1424.0,1424.0,DrDoS_DNS,Attack
224.0,409.14285,39.615383,174.0,0.0,224.0,409.14285,DrDoS_NTP,Attack
0.0,8.25,953364.4,4766819.0,0.41956675,0.0,8.25,Benign,Benign
440.0,440.0,67.11429,346.0,0.0,440.0,440.0,DrDoS_NTP,Attack
6.0,6.0,90.0,0.0,11111.111,6.0,6.0,Benign,Benign
440.0,440.0,8.495238,52.0,0.0,440.0,440.0,DrDoS_NTP,Attack
6.0,6.0,50.5,0.0,19801.98,6.0,6.0,Benign,Benign
31.0,31.0,21831.334,3.0,30.537148,31.0,31.0,Benign,Benign
50.0,50.0,6984.0,3.0,95.45628,50.0,50.0,Benign,Benign
440.0,440.0,479.9091,2069.0,0.0,440.0,440.0,DrDoS_NTP,Attack
45.0,45.0,6994.3335,4.0,95.315254,45.0,45.0,Benign,Benign
0.0,0.0,811588.44,3.0,1.0952458,0.0,0.0,Benign,Benign
38.0,38.0,6984.6665,1.0,95.44717,38.0,38.0,Benign,Benign
0.0,15.5,2.0,2.0,0.0,0.0,15.5,Benign,Benign
440.0,440.0,35.57143,142.0,0.0,440.0,440.0,DrDoS_NTP,Attack
516.0,516.0,1333543.5,3001839.0,0.0,516.0,516.0,TFTP,Attack
41.0,41.0,15258.333,3.0,43.69197,41.0,41.0,Benign,Benign
0.0,0.0,57569.0,0.0,17.37046,0.0,0.0,Benign,Benign
0.0,0.0,1.0,1.0,0.0,0.0,0.0,Benign,Benign
0.0,0.0,20.0,0.0,50000.0,0.0,0.0,Benign,Benign
0.0,0.0,79.0,0.0,12658.228,0.0,0.0,Benign,Benign
31.0,31.0,6879.6665,2.0,96.90392,31.0,31.0,Benign,Benign
0.0,0.0,81479.336,244437.0,0.0,0.0,0.0,Benign,Benign
516.0,516.0,1204005.6,3010270.0,0.0,516.0,516.0,TFTP,Attack
514.0,514.0,1.0,1.0,0.0,514.0,514.0,DrDoS_MSSQL,Attack
516.0,516.0,1210025.4,3049997.0,0.0,516.0,516.0,TFTP,Attack
29.0,29.0,18333.334,3.0,36.363636,29.0,29.0,Benign,Benign
0.0,186.6207,561146.0,58332244.0,1.0522684,0.0,186.6207,Benign,Benign
6.0,6.0,5334078.5,18845902.0,0.03408615,6.0,6.0,Syn,Attack
516.0,516.0,1000011.3,2999987.0,0.0,516.0,516.0,TFTP,Attack
516.0,516.0,999581.3,2998742.0,0.0,516.0,516.0,TFTP,Attack
6.0,6.0,27463.5,0.0,36.411964,6.0,6.0,Benign,Benign
224.0,437.67743,35.816216,451.0,0.0,224.0,437.67743,DrDoS_NTP,Attack
38.0,38.0,7107.6665,2.0,93.79543,38.0,38.0,Benign,Benign
0.0,0.0,813173.7,3.0,1.0931108,0.0,0.0,Benign,Benign
35.0,35.0,6937.0,3.0,96.10302,35.0,35.0,Benign,Benign
6.0,6.0,3.0,3.0,0.0,6.0,6.0,Benign,Benign
6.0,6.0,4741381.5,21560216.0,0.06025971,6.0,6.0,Syn,Attack
368.0,437.23077,16.80392,555.0,0.0,368.0,437.23077,DrDoS_NTP,Attack
41.0,41.0,6969.0,3.0,95.66174,41.0,41.0,Benign,Benign
368.0,437.75,7.269841,50.0,0.0,368.0,437.75,DrDoS_NTP,Attack
0.0,0.0,27418.0,0.0,36.47239,0.0,0.0,Benign,Benign
0.0,15.333333,31974.111,249289.0,13.900134,0.0,15.333333,Benign,Benign
33.0,33.0,19763.0,2.0,33.73307,33.0,33.0,Benign,Benign
6.0,6.0,1430151.4,4290452.0,0.0,6.0,6.0,Syn,Attack
47.0,47.0,35138.332,1.0,18.972631,47.0,47.0,Benign,Benign
516.0,516.0,1002095.7,3006285.0,0.0,516.0,516.0,TFTP,Attack
0.0,0.0,64105.0,0.0,15.599407,0.0,0.0,Benign,Benign
0.0,120.57143,47100.5,321726.0,5.3077993,0.0,120.57143,Benign,Benign
440.0,440.0,18.608696,94.0,0.0,440.0,440.0,DrDoS_NTP,Attack
6.0,29.125,6009223.5,54004680.0,0.03698019,6.0,29.125,Benign,Benign
516.0,516.0,800859.2,2002201.0,0.0,516.0,516.0,TFTP,Attack
330.0,349.5,35176.332,105480.0,0.0,330.0,349.5,DrDoS_UDP,Attack
6.0,6.0,3663385.0,20293446.0,0.096342914,6.0,6.0,Syn,Attack
32.0,32.0,6981.3335,3.0,95.492744,32.0,32.0,Benign,Benign
0.0,125.0,480719.88,9968639.0,0.9044407,0.0,125.0,Benign,Benign
45.0,45.0,8390.333,3.0,79.45652,45.0,45.0,Benign,Benign
440.0,440.0,27.914574,384.0,0.0,440.0,440.0,DrDoS_NTP,Attack
0.0,23.0,49876.0,249376.0,8.019889,0.0,23.0,Benign,Benign
0.0,0.0,31570.0,0.0,31.675642,0.0,0.0,Benign,Benign
6.0,6.0,28766.0,0.0,34.763264,6.0,6.0,Benign,Benign
516.0,516.0,999922.0,2999763.0,0.0,516.0,516.0,TFTP,Attack
516.0,516.0,1199991.0,3002163.0,0.0,516.0,516.0,TFTP,Attack
6.0,6.0,4363395.5,15955552.0,0.050928738,6.0,6.0,Syn,Attack
440.0,440.0,21.823204,570.0,0.0,440.0,440.0,DrDoS_NTP,Attack
0.0,0.0,0.75,0.0,1333333.4,0.0,0.0,Benign,Benign
42.0,42.0,6935.0,3.0,96.13074,42.0,42.0,Benign,Benign
1.0,1.0,9789.0,2.0,68.10365,0.0,1.0,Benign,Benign
440.0,440.0,13.862069,199.0,0.0,440.0,440.0,DrDoS_NTP,Attack
0.0,0.0,8544752.0,34008270.0,0.0,0.0,0.0,Benign,Benign
0.0,0.0,80.0,0.0,12500.0,0.0,0.0,Benign,Benign
0.0,30.066668,1938050.9,10047810.0,0.253465,0.0,30.066668,Benign,Benign
6.0,6.0,6147115.5,15781467.0,0.0,6.0,6.0,Syn,Attack
0.0,0.0,22645.0,0.0,44.15986,0.0,0.0,Benign,Benign
52.0,52.0,15317.333,4.0,43.523678,52.0,52.0,Benign,Benign
44.0,44.0,6929.6665,3.0,96.20473,44.0,44.0,Benign,Benign
440.0,440.0,6.703704,137.0,0.0,440.0,440.0,DrDoS_NTP,Attack
516.0,516.0,999025.7,2997030.0,0.0,516.0,516.0,TFTP,Attack
0.0,0.0,141.5,0.0,7067.1377,0.0,0.0,Benign,Benign
6.0,6.0,4266015.5,21237412.0,0.062509544,6.0,6.0,Syn,Attack
440.0,440.0,3.903226,44.0,0.0,440.0,440.0,DrDoS_NTP,Attack
880.0,880.0,1.0,1.0,0.0,880.0,880.0,DrDoS_MSSQL,Attack
322.0,326.5,39049.0,117145.0,0.0,322.0,326.5,UDP,Attack
296.0,434.66666,10.320755,57.0,0.0,296.0,434.66666,DrDoS_NTP,Attack
6.0,6.0,3846177.5,14860526.0,0.079999514,6.0,6.0,Syn,Attack
6.0,6.0,6891053.0,19095220.0,0.0,6.0,6.0,Syn,Attack
37.0,37.0,6941.0,1.0,96.04764,37.0,37.0,Benign,Benign
0.0,0.0,82734.336,248152.0,0.0,0.0,0.0,Benign,Benign
0.0,0.0,2.0,2.0,0.0,0.0,0.0,Benign,Benign
6.0,6.0,1.5,3.0,0.0,6.0,6.0,Benign,Benign
562.0,562.0,1.0,1.0,0.0,562.0,562.0,MSSQL,Attack
0.0,0.0,13610.333,0.0,73.47359,0.0,0.0,Benign,Benign
0.0,23.0,8289.0,57976.0,68.93818,0.0,23.0,Benign,Benign
0.0,70.111115,1692965.6,58274868.0,0.29105943,0.0,70.111115,Benign,Benign
6.0,32.25,155.66667,446.0,0.0,6.0,32.25,Benign,Benign
516.0,516.0,1002509.7,3007527.0,0.0,516.0,516.0,TFTP,Attack
440.0,440.0,35.0,190.0,0.0,440.0,440.0,DrDoS_NTP,Attack
330.0,349.5,35671.668,107013.0,0.0,330.0,349.5,DrDoS_UDP,Attack
32.0,32.0,6996.6665,1.0,95.28347,32.0,32.0,Benign,Benign
0.0,98.0,10345.728,214556.0,46.864613,0.0,98.0,Benign,Benign
330.0,349.5,36082.0,108244.0,0.0,330.0,349.5,UDP,Attack
50.0,50.0,15451.333,3.0,43.14622,50.0,50.0,Benign,Benign
6.0,6.0,40.0,40.0,16666.666,6.0,6.0,Syn,Attack
43.0,43.0,18975.666,3.0,35.132713,43.0,43.0,Benign,Benign
330.0,349.5,36292.668,108876.0,0.0,330.0,349.5,UDP,Attack
440.0,440.0,31.130434,561.0,0.0,440.0,440.0,DrDoS_NTP,Attack
45.0,45.0,6939.6665,3.0,96.06609,45.0,45.0,Benign,Benign
0.0,0.0,2.0,2.0,0.0,0.0,0.0,Benign,Benign
516.0,516.0,1000013.0,2999993.0,0.0,516.0,516.0,TFTP,Attack
440.0,440.0,116.878174,2665.0,0.0,440.0,440.0,DrDoS_NTP,Attack
440.0,440.0,78.666664,799.0,0.0,440.0,440.0,DrDoS_NTP,Attack
410.0,410.0,1.0,1.0,0.0,410.0,410.0,DrDoS_MSSQL,Attack
41.0,41.0,15617.333,1.0,42.68761,41.0,41.0,Benign,Benign
6.0,6.0,15146.0,0.0,66.02403,6.0,6.0,Benign,Benign
45.0,45.0,7035.6665,3.0,94.755295,45.0,45.0,Benign,Benign
41.0,41.0,6942.3335,2.0,96.02919,41.0,41.0,Benign,Benign
47.0,47.0,6904.6665,2.0,96.553055,47.0,47.0,Benign,Benign
35.0,35.0,6969.3335,1.0,95.657166,35.0,35.0,Benign,Benign
1416.0,1416.0,2.0,2.0,0.0,1416.0,1416.0,DrDoS_LDAP,Attack
322.0,342.33334,47864.8,120162.0,0.0,322.0,342.33334,UDP,Attack
43.0,43.0,6979.6665,3.0,95.51555,43.0,43.0,Benign,Benign
440.0,440.0,87.33166,1400.0,0.0,440.0,440.0,DrDoS_NTP,Attack
0.0,12.4,196.5,780.0,0.0,0.0,12.4,Benign,Benign
0.0,0.0,24.5,0.0,40816.33,0.0,0.0,Benign,Benign
6.0,6.0,4077327.5,22000176.0,0.07546421,6.0,6.0,Syn,Attack
0.0,0.0,50.0,0.0,20000.0,0.0,0.0,Benign,Benign
0.0,87.35714,2151470.0,58531576.0,0.23662467,0.0,87.35714,Benign,Benign
0.0,128.0,19996.363,174674.0,27.277687,0.0,128.0,Benign,Benign
0.0,30.75,592.6667,1773.0,0.0,0.0,30.75,Benign,Benign
0.0,0.0,98.0,0.0,10204.082,0.0,0.0,Benign,Benign
33.0,40.0,288937.72,2002011.0,1.9776877,33.0,40.0,Benign,Benign
41.0,41.0,18480.666,3.0,36.073734,41.0,41.0,Benign,Benign
42.0,42.0,6994.0,1.0,95.3198,42.0,42.0,Benign,Benign
440.0,440.0,21.333334,103.0,0.0,440.0,440.0,DrDoS_NTP,Attack
44.0,44.0,6977.3335,3.0,95.547485,44.0,44.0,Benign,Benign
0.0,0.0,2.0,3.0,0.0,0.0,0.0,Benign,Benign
0.0,88.125,1981186.2,58384450.0,0.23954147,0.0,88.125,Benign,Benign
0.0,0.0,799362.75,3.0,1.1119969,0.0,0.0,Benign,Benign
422.0,422.0,1.0,1.0,0.0,422.0,422.0,DrDoS_MSSQL,Attack
35.0,35.0,7011.3335,1.0,95.08415,35.0,35.0,Benign,Benign
0.0,0.0,63385.0,0.0,15.776604,0.0,0.0,Benign,Benign
6.0,6.0,3483962.2,17423926.0,0.12756868,6.0,6.0,Syn,Attack
32.0,32.0,7282.0,3.0,91.54994,32.0,32.0,Benign,Benign
516.0,516.0,1199986.8,3001557.0,0.0,516.0,516.0,TFTP,Attack
0.0,0.0,26831.0,0.0,37.27032,0.0,0.0,Benign,Benign
0.0,0.0,814229.44,2.0,1.0916934,0.0,0.0,Benign,Benign
50.0,50.0,15034.333,3.0,44.34295,50.0,50.0,Benign,Benign
516.0,516.0,1202809.6,3013080.0,0.0,516.0,516.0,TFTP,Attack
41.0,41.0,20443.0,3.0,32.611,41.0,41.0,Benign,Benign
0.0,113.71429,769940.3,10068349.0,0.64940095,0.0,113.71429,Benign,Benign
440.0,440.0,4.212121,47.0,0.0,440.0,440.0,DrDoS_NTP,Attack
440.0,440.0,16.64,186.0,0.0,440.0,440.0,DrDoS_NTP,Attack
35.0,35.0,7566.6665,3.0,88.10573,35.0,35.0,Benign,Benign
40.0,40.0,7132.0,3.0,93.47542,40.0,40.0,Benign,Benign
440.0,440.0,12.484848,198.0,0.0,440.0,440.0,DrDoS_NTP,Attack
0.0,30.75,129.33333,382.0,0.0,0.0,30.75,Benign,Benign
6.0,6.0,57.5,112.0,0.0,6.0,6.0,Benign,Benign
0.0,0.0,34.666668,1.0,19230.77,0.0,0.0,UDP-lag,Attack
296.0,436.57144,5.5421686,49.0,0.0,296.0,436.57144,DrDoS_NTP,Attack
0.0,0.0,2237608.2,9969982.0,0.0,0.0,0.0,Benign,Benign
330.0,349.5,36519.0,109507.0,0.0,330.0,349.5,UDP,Attack
330.0,349.5,35564.332,106645.0,0.0,330.0,349.5,UDP,Attack
0.0,116.15385,22806.092,407397.0,19.93088,0.0,116.15385,Benign,Benign
0.0,0.0,1.0,1.0,0.0,0.0,0.0,Benign,Benign
516.0,516.0,999913.0,2999736.0,0.0,516.0,516.0,TFTP,Attack
96.0,96.0,31.0,0.0,32258.064,6.0,96.0,Benign,Benign
440.0,440.0,92.02512,494.0,0.0,440.0,440.0,DrDoS_NTP,Attack
0.0,31.95283,510169.34,10368017.0,1.06529,0.0,31.95283,Benign,Benign
1.0,1.0,9439.667,1.0,70.62396,0.0,1.0,Benign,Benign
6.0,6.0,1.0,1.0,0.0,6.0,6.0,Benign,Benign
6.0,6.0,4651419.5,23207248.0,0.066150196,6.0,6.0,Syn,Attack
516.0,516.0,999947.7,2999841.0,0.0,516.0,516.0,TFTP,Attack
37.0,37.0,6935.3335,3.0,96.126114,37.0,37.0,Benign,Benign
0.0,0.0,54.5,0.0,18348.623,0.0,0.0,Benign,Benign
440.0,440.0,7.3714285,48.0,0.0,440.0,440.0,DrDoS_NTP,Attack
6.0,6.0,2794741.0,17600366.0,0.15902884,6.0,6.0,Syn,Attack
516.0,516.0,999800.3,2999398.0,0.0,516.0,516.0,TFTP,Attack
6.0,6.0,2761559.0,17849248.0,0.1379483,6.0,6.0,Syn,Attack
330.0,349.5,36311.668,108888.0,0.0,330.0,349.5,UDP,Attack
0.0,81.73333,1869569.6,58222716.0,0.28866673,0.0,81.73333,Benign,Benign
43.0,43.0,6961.3335,3.0,95.7671,43.0,43.0,Benign,Benign
466.0,466.0,2.0,2.0,0.0,466.0,466.0,MSSQL,Attack
6.0,6.0,6800015.0,33999990.0,0.058823403,6.0,6.0,Syn,Attack
516.0,516.0,994219.0,2982610.0,0.0,516.0,516.0,TFTP,Attack
516.0,516.0,1200082.0,3000592.0,0.0,516.0,516.0,TFTP,Attack
0.0,12.0,1.0,1.0,0.0,0.0,12.0,Benign,Benign
440.0,440.0,27.562815,419.0,0.0,440.0,440.0,DrDoS_NTP,Attack
321.0,348.0,43156.0,110121.0,0.0,321.0,348.0,DrDoS_UDP,Attack
80.0,420.0,6.0,50.0,0.0,80.0,420.0,DrDoS_NTP,Attack
321.0,348.0,43289.4,110048.0,0.0,321.0,348.0,DrDoS_UDP,Attack
516.0,516.0,999907.0,2999718.0,0.0,516.0,516.0,TFTP,Attack
38.0,38.0,6861.3335,3.0,97.16284,38.0,38.0,Benign,Benign
0.0,0.0,22.571428,0.0,44303.797,0.0,0.0,Benign,Benign
330.0,359.5,34760.0,104186.0,0.0,330.0,359.5,UDP,Attack
0.0,0.0,149.5,297.0,0.0,0.0,0.0,Benign,Benign
6.0,6.0,53.333332,49.0,12500.0,6.0,6.0,Syn,Attack
25.0,25.0,14881.333,2.0,44.798855,25.0,25.0,Benign,Benign
0.0,0.0,57081.0,0.0,17.518965,0.0,0.0,Benign,Benign
0.0,0.0,120.5,0.0,8298.755,0.0,0.0,Benign,Benign
0.0,0.0,1803155.2,6006043.0,0.0,0.0,0.0,Benign,Benign
152.0,428.92307,6.1568627,44.0,0.0,152.0,428.92307,DrDoS_NTP,Attack
32.0,32.0,15114.0,3.0,44.109215,32.0,32.0,Benign,Benign
33.0,33.0,7529.3335,3.0,88.54259,33.0,33.0,Benign,Benign
0.0,0.0,79.0,0.0,12658.228,0.0,0.0,Benign,Benign
0.0,42.8,3554.125,27967.0,140.6816,0.0,42.8,Benign,Benign
43.0,43.0,6959.3335,3.0,95.79462,43.0,43.0,Benign,Benign
38.0,38.0,6938.6665,3.0,96.07994,38.0,38.0,Benign,Benign
0.0,20.666666,1.0,1.0,0.0,0.0,20.666666,Benign,Benign
0.0,0.0,12.0,0.0,83333.336,0.0,0.0,Benign,Benign
32.0,32.0,6959.6665,3.0,95.79003,32.0,32.0,Benign,Benign
440.0,440.0,14.089552,154.0,0.0,440.0,440.0,DrDoS_NTP,Attack
516.0,516.0,1285745.4,3000158.0,0.0,516.0,516.0,TFTP,Attack
0.0,0.0,55391.0,0.0,18.053474,0.0,0.0,Benign,Benign
516.0,516.0,1333340.8,3000077.0,0.0,516.0,516.0,TFTP,Attack
152.0,392.0,1439.6364,6157.0,0.0,152.0,392.0,DrDoS_NTP,Attack
368.0,436.4,147.48718,456.0,0.0,368.0,436.4,DrDoS_NTP,Attack
6.0,6.0,1469574.0,4408721.0,0.0,6.0,6.0,Syn,Attack
6.0,6.0,5032750.5,19475000.0,0.036127,6.0,6.0,Syn,Attack
428.0,428.0,51.0,51.0,0.0,428.0,428.0,DrDoS_MSSQL,Attack
0.0,96.29412,890886.0,58261000.0,0.561239,0.0,96.29412,Benign,Benign
0.0,0.0,30.333334,1.0,21978.021,0.0,0.0,UDP-lag,Attack
516.0,516.0,1000281.3,3000843.0,0.0,516.0,516.0,TFTP,Attack
330.0,359.5,35951.668,107851.0,0.0,330.0,359.5,UDP,Attack
440.0,440.0,36.39394,402.0,0.0,440.0,440.0,DrDoS_NTP,Attack
0.0,87.066666,2163389.8,58509836.0,0.21399887,0.0,87.066666,Benign,Benign
0.0,47.3,109772.78,5140887.0,4.217466,0.0,47.3,Benign,Benign
40.0,40.0,14894.0,3.0,44.760754,40.0,40.0,Benign,Benign
440.0,440.0,4571.2856,19943.0,0.0,440.0,440.0,DrDoS_NTP,Attack
330.0,349.5,35928.0,107781.0,0.0,330.0,349.5,UDP,Attack
1472.0,1472.0,1.0,1.0,0.0,1472.0,1472.0,LDAP,Attack
32.0,32.0,6884.6665,3.0,96.83354,32.0,32.0,Benign,Benign
0.0,699.3333,155494.75,663291.0,3.8043041,0.0,699.3333,Benign,Benign
0.0,15.5,18318.6,91589.0,21.83573,0.0,15.5,Benign,Benign
6.0,6.0,103.0,0.0,9708.738,6.0,6.0,Benign,Benign
440.0,440.0,8.593407,96.0,0.0,440.0,440.0,DrDoS_NTP,Attack
80.0,388.57144,97.61539,751.0,0.0,80.0,388.57144,DrDoS_NTP,Attack
30.0,30.0,9102.667,2.0,73.23861,30.0,30.0,Benign,Benign
43.0,43.0,15436.667,2.0,43.187218,43.0,43.0,Benign,Benign
0.0,0.0,27.0,0.0,37037.035,0.0,0.0,Benign,Benign
44.0,44.0,15323.667,1.0,43.505688,44.0,44.0,Benign,Benign
224.0,420.36365,106.04762,1208.0,0.0,224.0,420.36365,DrDoS_NTP,Attack
6.0,6.0,2.0,2.0,0.0,6.0,6.0,Benign,Benign
0.0,42.8,6812.3335,40793.0,48.930862,0.0,42.8,Benign,Benign
44.0,44.0,7024.3335,1.0,94.90817,44.0,44.0,Benign,Benign
765.0,765.0,1.0,1.0,0.0,765.0,765.0,MSSQL,Attack
0.0,0.0,1803063.8,6006003.0,0.0,0.0,0.0,Benign,Benign
0.0,0.0,74.0,0.0,13513.514,0.0,0.0,Benign,Benign
6.0,6.0,5751027.5,18308184.0,0.031614903,6.0,6.0,Syn,Attack
152.0,428.92307,4.2352943,44.0,0.0,152.0,428.92307,DrDoS_NTP,Attack
440.0,440.0,5.78392,50.0,0.0,440.0,440.0,DrDoS_NTP,Attack
440.0,440.0,23.879396,346.0,0.0,440.0,440.0,DrDoS_NTP,Attack
224.0,416.0,19.235294,198.0,0.0,224.0,416.0,DrDoS_NTP,Attack
6.0,6.0,3339913.8,12005779.0,0.07984238,6.0,6.0,Syn,Attack
37.0,37.0,6876.0,3.0,96.9556,37.0,37.0,Benign,Benign
0.0,23.548388,2018871.0,10053821.0,0.23912308,0.0,23.548388,Benign,Benign
155.0,155.0,95.71429,0.0,10447.761,155.0,155.0,Benign,Benign
516.0,516.0,999809.0,2999425.0,0.0,516.0,516.0,TFTP,Attack
32.0,32.0,6968.6665,4.0,95.66631,32.0,32.0,Benign,Benign
43.0,43.0,6859.6665,3.0,97.186455,43.0,43.0,Benign,Benign
0.0,0.0,84.0,0.0,11904.762,0.0,0.0,Benign,Benign
6.0,6.0,137.5,274.0,0.0,6.0,6.0,Benign,Benign
31.0,31.0,939.3333,1.0,709.7232,31.0,31.0,Benign,Benign
440.0,440.0,34.48744,1623.0,0.0,440.0,440.0,DrDoS_NTP,Attack
516.0,516.0,999472.3,2998372.0,0.0,516.0,516.0,TFTP,Attack
330.0,359.5,36387.332,109161.0,0.0,330.0,359.5,UDP,Attack
1.0,1.0,6958.0,3.0,95.81297,0.0,1.0,Benign,Benign
0.0,0.0,49.5,0.0,20202.02,0.0,0.0,Benign,Benign
0.0,37.75,1820459.0,10191302.0,0.27015346,0.0,37.75,Benign,Benign
36.0,36.0,6992.3335,3.0,95.34252,36.0,36.0,Benign,Benign
6.0,32.25,183.0,544.0,0.0,6.0,32.25,Benign,Benign
516.0,516.0,999794.0,2999380.0,0.0,516.0,516.0,TFTP,Attack
152.0,404.0,7.266667,52.0,0.0,152.0,404.0,DrDoS_NTP,Attack
0.0,0.0,6671759.0,17359008.0,0.0,0.0,0.0,UDP-lag,Attack
41.0,41.0,7181.0,3.0,92.83758,41.0,41.0,Benign,Benign
0.0,30.75,477.0,1427.0,0.0,0.0,30.75,Benign,Benign
440.0,440.0,21.97436,355.0,0.0,440.0,440.0,DrDoS_NTP,Attack
6.0,6.0,2488701.8,14320506.0,0.19287165,6.0,6.0,Syn,Attack
440.0,440.0,16.62745,553.0,0.0,440.0,440.0,DrDoS_NTP,Attack
516.0,516.0,999884.0,2999649.0,0.0,516.0,516.0,TFTP,Attack
1.0,1.0,2.0,2.0,0.0,1.0,1.0,Benign,Benign
440.0,440.0,10.590164,66.0,0.0,440.0,440.0,DrDoS_NTP,Attack
440.0,440.0,502.72726,2028.0,0.0,440.0,440.0,DrDoS_NTP,Attack
0.0,121.78571,5637.2915,58648.0,81.30382,0.0,121.78571,Benign,Benign
516.0,516.0,997897.7,2993691.0,0.0,516.0,516.0,TFTP,Attack
0.0,0.0,75.0,0.0,13333.333,0.0,0.0,Benign,Benign
6.0,6.0,51.0,51.0,0.0,6.0,6.0,Benign,Benign
31.0,31.0,18530.0,3.0,35.977695,31.0,31.0,Benign,Benign
516.0,516.0,999501.3,2998457.0,0.0,516.0,516.0,TFTP,Attack
0.0,0.0,796667.7,3.0,1.1157587,0.0,0.0,Benign,Benign
6.0,32.25,196.33333,584.0,0.0,6.0,32.25,Benign,Benign
6.0,6.0,3653348.0,19000076.0,0.0995351,6.0,6.0,Syn,Attack
43.0,43.0,6855.3335,3.0,97.24789,43.0,43.0,Benign,Benign
1.0,1.0,9417.0,0.0,70.79395,0.0,1.0,Benign,Benign
296.0,434.24,25.571428,104.0,0.0,296.0,434.24,DrDoS_NTP,Attack
6.0,6.0,3420357.5,14927123.0,0.07796456,6.0,6.0,Syn,Attack
31.0,31.0,6878.3335,1.0,96.92271,31.0,31.0,Benign,Benign
43.0,43.0,6997.6665,3.0,95.26985,43.0,43.0,Benign,Benign
0.0,0.0,39.666668,0.0,16806.723,0.0,0.0,UDP-lag,Attack
516.0,516.0,999398.3,2998193.0,0.0,516.0,516.0,TFTP,Attack
6.0,6.0,1.5,2.0,0.0,6.0,6.0,Benign,Benign
384.0,384.0,1.0,1.0,0.0,384.0,384.0,DrDoS_DNS,Attack
0.0,265.875,2917.484,25941.0,176.90895,0.0,265.875,Benign,Benign
224.0,368.0,293.6,762.0,0.0,224.0,368.0,DrDoS_NTP,Attack
25.0,25.0,10361.667,1.0,64.339714,25.0,25.0,Benign,Benign
296.0,434.85715,3.8909092,48.0,0.0,296.0,434.85715,DrDoS_NTP,Attack
35.0,35.0,6919.6665,3.0,96.34376,35.0,35.0,Benign,Benign
440.0,440.0,60.0,201.0,0.0,440.0,440.0,DrDoS_NTP,Attack
0.0,0.0,66.5,0.0,15037.594,0.0,0.0,Benign,Benign
0.0,0.0,337751.0,0.0,2.960761,0.0,0.0,Benign,Benign
0.0,0.0,26488.0,0.0,37.752945,0.0,0.0,Benign,Benign
80.0,320.0,19.6,94.0,0.0,80.0,320.0,DrDoS_NTP,Attack
50.0,50.0,136019.19,750015.0,0.0,50.0,50.0,Benign,Benign
0.0,85.52,1267980.2,10108808.0,0.3943279,0.0,85.52,Benign,Benign
42.0,42.0,6871.3335,3.0,97.02144,42.0,42.0,Benign,Benign
0.0,23.0,11108.0,77754.0,51.442974,0.0,23.0,Benign,Benign
50.0,50.0,6888.3335,2.0,96.782,50.0,50.0,Benign,Benign
50.0,50.0,6860.6665,3.0,97.17229,50.0,50.0,Benign,Benign
590.0,590.0,2.0,2.0,0.0,590.0,590.0,MSSQL,Attack
440.0,440.0,32.51256,312.0,0.0,440.0,440.0,DrDoS_NTP,Attack
152.0,404.0,56.4,210.0,0.0,152.0,404.0,DrDoS_NTP,Attack
440.0,440.0,27.8,243.0,0.0,440.0,440.0,DrDoS_NTP,Attack
0.0,0.0,48.0,48.0,0.0,0.0,0.0,Benign,Benign
43.0,43.0,6894.0,3.0,96.702446,43.0,43.0,Benign,Benign
0.0,113.63636,4403.2,53321.0,113.55378,0.0,113.63636,Benign,Benign
516.0,516.0,999924.3,2999771.0,0.0,516.0,516.0,TFTP,Attack
0.0,0.0,49.5,0.0,20202.02,0.0,0.0,Benign,Benign
368.0,432.0,56.235294,143.0,0.0,368.0,432.0,DrDoS_NTP,Attack
152.0,428.48,6.244898,47.0,0.0,152.0,428.48,DrDoS_NTP,Attack
0.0,0.0,2221701.0,9980533.0,0.0,0.0,0.0,Benign,Benign
50.0,50.0,7107.6665,1.0,93.79543,50.0,50.0,Benign,Benign
0.0,0.0,107.5,0.0,9302.325,0.0,0.0,Benign,Benign
0.0,29.6,3339509.2,58508124.0,0.13688923,0.0,29.6,Benign,Benign
0.0,0.0,2.0,0.0,500000.0,0.0,0.0,Benign,Benign
330.0,349.5,36337.332,109010.0,0.0,330.0,349.5,UDP-lag,Attack
152.0,344.0,208.2,656.0,0.0,152.0,344.0,DrDoS_NTP,Attack
440.0,440.0,35.693466,1069.0,0.0,440.0,440.0,DrDoS_NTP,Attack
33.0,33.0,7012.0,2.0,95.07511,33.0,33.0,Benign,Benign
0.0,33.612904,1988385.5,10031931.0,0.24278925,0.0,33.612904,Benign,Benign
6.0,6.0,3411540.8,25685606.0,0.10345507,6.0,6.0,Syn,Attack
0.0,0.0,5768.8,0.0,173.34628,0.0,0.0,Benign,Benign
29.0,29.0,6894.6665,5.0,96.69309,29.0,29.0,Benign,Benign
330.0,359.5,35380.332,106139.0,0.0,330.0,359.5,UDP,Attack
46.0,46.0,6931.3335,3.0,96.18159,46.0,46.0,Benign,Benign
31.0,31.0,10707.667,1.0,62.260685,31.0,31.0,Benign,Benign
440.0,440.0,8.823529,49.0,0.0,440.0,440.0,DrDoS_NTP,Attack
6.0,6.0,2.0,2.0,0.0,6.0,6.0,Benign,Benign
25.0,25.0,6975.3335,1.0,95.57488,25.0,25.0,Benign,Benign
6.0,6.0,953570.3,2860709.0,0.0,6.0,6.0,Syn,Attack
6.0,6.0,26.0,51.0,0.0,6.0,6.0,Benign,Benign
25.0,25.0,7022.0,2.0,94.93971,25.0,25.0,Benign,Benign
50.0,50.0,7260.6665,3.0,91.81893,50.0,50.0,Benign,Benign
447.0,447.0,2.0,2.0,0.0,447.0,447.0,MSSQL,Attack
0.0,20.666666,2.0,3.0,0.0,0.0,20.666666,Benign,Benign
42.0,42.0,6984.3335,3.0,95.45173,42.0,42.0,Benign,Benign
440.0,440.0,41.22449,475.0,0.0,440.0,440.0,DrDoS_NTP,Attack
330.0,359.5,35945.668,107835.0,0.0,330.0,359.5,UDP,Attack
516.0,516.0,1323941.2,3134540.0,0.0,516.0,516.0,TFTP,Attack
1.0,1.0,30114.0,1.0,22.138098,0.0,1.0,Benign,Benign
516.0,516.0,992740.7,2978221.0,0.0,516.0,516.0,TFTP,Attack
0.0,0.0,5026828.0,15080482.0,0.0,0.0,0.0,UDP-lag,Attack
0.0,0.0,1001814.0,3005440.0,0.0,0.0,0.0,Benign,Benign
6.0,18.5,1.0,1.0,0.0,6.0,18.5,Benign,Benign
32.0,32.0,6960.3335,3.0,95.78085,32.0,32.0,Benign,Benign
80.0,412.30768,722.88,8268.0,0.0,80.0,412.30768,DrDoS_NTP,Attack
296.0,434.24,18.571428,136.0,0.0,296.0,434.24,DrDoS_NTP,Attack
275.0,311.75,230.8,1310.0,0.0,275.0,311.75,DrDoS_UDP,Attack
466.0,466.0,1.0,1.0,0.0,466.0,466.0,MSSQL,Attack
0.0,0.0,0.5,0.0,2000000.0,0.0,0.0,Benign,Benign
0.0,12.4,25.0,93.0,0.0,0.0,12.4,Benign,Benign
516.0,516.0,1200000.4,3000017.0,0.0,516.0,516.0,TFTP,Attack
6.0,6.0,7264810.0,30874616.0,0.030588854,6.0,6.0,Syn,Attack
516.0,516.0,1000554.7,3001661.0,0.0,516.0,516.0,TFTP,Attack
6.0,6.0,91137.336,0.0,10.972452,6.0,6.0,Benign,Benign
6.0,32.25,440.66666,1299.0,0.0,6.0,32.25,Benign,Benign
0.0,23.0,10056.571,70394.0,56.82141,0.0,23.0,Benign,Benign
42.0,42.0,10070.333,1.0,66.20105,42.0,42.0,Benign,Benign
440.0,440.0,109.9023,1897.0,0.0,440.0,440.0,DrDoS_NTP,Attack
440.0,440.0,5.8,48.0,0.0,440.0,440.0,DrDoS_NTP,Attack
0.0,0.0,101.5,0.0,9852.217,0.0,0.0,Benign,Benign
0.0,132.26666,20533.473,603802.0,23.022276,0.0,132.26666,Benign,Benign
516.0,516.0,1202023.2,3005661.0,0.0,516.0,516.0,TFTP,Attack
516.0,516.0,1000195.7,3000585.0,0.0,516.0,516.0,TFTP,Attack
0.0,105.0625,5679.0,57317.0,85.00768,0.0,105.0625,Benign,Benign
43.0,43.0,6960.3335,1.0,95.78085,43.0,43.0,Benign,Benign
440.0,440.0,28.376812,260.0,0.0,440.0,440.0,DrDoS_NTP,Attack
6.0,6.0,33.333332,53.0,20000.0,6.0,6.0,Syn,Attack
1029.0,1029.0,1.0,1.0,0.0,1029.0,1029.0,DrDoS_DNS,Attack
440.0,440.0,110.14359,3049.0,0.0,440.0,440.0,DrDoS_NTP,Attack
330.0,349.5,35215.0,105600.0,0.0,330.0,349.5,UDP,Attack
6.0,6.0,4159875.5,27638790.0,0.084844165,6.0,6.0,Syn,Attack
516.0,516.0,999976.3,2999928.0,0.0,516.0,516.0,TFTP,Attack
0.0,0.0,1649026.8,10239986.0,0.30320916,0.0,0.0,Benign,Benign
544.0,544.0,1.0,1.0,0.0,544.0,544.0,MSSQL,Attack
31.0,31.0,6918.3335,1.0,96.36232,31.0,31.0,Benign,Benign
440.0,440.0,19.035175,335.0,0.0,440.0,440.0,DrDoS_NTP,Attack
34.0,34.0,6985.3335,3.0,95.43806,34.0,34.0,Benign,Benign
37.0,37.0,15057.333,4.0,44.275215,37.0,37.0,Benign,Benign
449.0,449.0,2.0,2.0,0.0,449.0,449.0,DrDoS_MSSQL,Attack
26.0,34.842106,1215113.8,56371484.0,0.41697058,26.0,34.842106,Benign,Benign
6.0,6.0,4837343.0,22093556.0,0.063607715,6.0,6.0,Syn,Attack
321.0,348.0,43634.8,110029.0,0.0,321.0,348.0,DrDoS_UDP,Attack
448.0,448.0,45.0,45.0,0.0,448.0,448.0,MSSQL,Attack
516.0,516.0,1000068.3,3000203.0,0.0,516.0,516.0,TFTP,Attack
42.0,42.0,6905.3335,3.0,96.54373,42.0,42.0,Benign,Benign
0.0,23.0,10535.2,52673.0,37.967957,0.0,23.0,Benign,Benign
656.0,656.0,1.0,1.0,0.0,656.0,656.0,MSSQL,Attack
516.0,516.0,1285718.9,3006923.0,0.0,516.0,516.0,TFTP,Attack
0.0,15.5,1.0,1.0,0.0,0.0,15.5,Benign,Benign
0.0,0.0,47.5,0.0,21052.63,0.0,0.0,Benign,Benign
6.0,6.0,6600041.0,20810572.0,0.0,6.0,6.0,Syn,Attack
0.0,0.0,986998.2,5867048.0,0.33772436,0.0,0.0,Benign,Benign
440.0,440.0,48.333332,798.0,0.0,440.0,440.0,DrDoS_NTP,Attack
25.0,25.0,14764.0,3.0,45.15488,25.0,25.0,Benign,Benign
0.0,20.666666,2.0,2.0,0.0,0.0,20.666666,Benign,Benign
42.0,42.0,6984.0,1.0,95.45628,42.0,42.0,Benign,Benign
152.0,420.8,100.37931,1020.0,0.0,152.0,420.8,DrDoS_NTP,Attack
0.0,248.27118,1027050.0,58667812.0,0.47829032,0.0,248.27118,Benign,Benign
45.0,45.0,6926.6665,2.0,96.24639,45.0,45.0,Benign,Benign
516.0,516.0,1000008.3,3000022.0,0.0,516.0,516.0,TFTP,Attack
80.0,368.0,68.666664,611.0,0.0,80.0,368.0,DrDoS_NTP,Attack
516.0,516.0,1000240.0,3000672.0,0.0,516.0,516.0,TFTP,Attack
440.0,440.0,15.521739,254.0,0.0,440.0,440.0,DrDoS_NTP,Attack
0.0,0.0,2.0,2.0,0.0,0.0,0.0,Benign,Benign
224.0,431.0,9.553191,85.0,0.0,224.0,431.0,DrDoS_NTP,Attack
516.0,516.0,1001363.3,3004088.0,0.0,516.0,516.0,TFTP,Attack
440.0,440.0,3421.3333,10263.0,0.0,440.0,440.0,DrDoS_NTP,Attack
440.0,440.0,231.78261,7422.0,0.0,440.0,440.0,DrDoS_NTP,Attack
6.0,6.0,2504226.0,12312614.0,0.16813684,6.0,6.0,Syn,Attack
1237.0,1237.0,41.0,41.0,0.0,1237.0,1237.0,DrDoS_SNMP,Attack
516.0,516.0,1251257.8,3131308.0,0.0,516.0,516.0,TFTP,Attack
0.0,0.0,4099.4,0.0,243.93814,0.0,0.0,Benign,Benign
516.0,516.0,1000035.3,3000103.0,0.0,516.0,516.0,TFTP,Attack
6.0,14.333333,100.0,570.0,2857.1428,6.0,14.333333,Benign,Benign
224.0,431.36,102.28571,3717.0,0.0,224.0,431.36,DrDoS_NTP,Attack
516.0,516.0,1000032.0,3000093.0,0.0,516.0,516.0,TFTP,Attack
152.0,398.85715,4.076923,44.0,0.0,152.0,398.85715,DrDoS_NTP,Attack
0.0,0.0,26.0,0.0,38461.54,0.0,0.0,Benign,Benign
0.0,36.666668,1675138.4,58765000.0,0.3226841,0.0,36.666668,Benign,Benign
330.0,359.5,35992.0,107975.0,0.0,330.0,359.5,UDP,Attack
0.0,30.8,58.75,229.0,0.0,0.0,30.8,Benign,Benign
42.0,42.0,15628.667,2.0,42.65666,42.0,42.0,Benign,Benign
44.0,44.0,6896.6665,3.0,96.665054,44.0,44.0,Benign,Benign
440.0,440.0,27.162163,403.0,0.0,440.0,440.0,DrDoS_NTP,Attack
0.0,0.0,5561394.0,15997013.0,0.0,0.0,0.0,UDP-lag,Attack
516.0,516.0,999986.0,2999956.0,0.0,516.0,516.0,TFTP,Attack
152.0,419.42856,7.4074073,47.0,0.0,152.0,419.42856,DrDoS_NTP,Attack
0.0,4.0,4696.3335,28175.0,141.95471,0.0,4.0,Benign,Benign
38.0,38.0,10928.333,2.0,61.00351,38.0,38.0,Benign,Benign
0.0,0.0,100.5,0.0,9950.249,0.0,0.0,Benign,Benign
0.0,303.2,808602.25,48005520.0,0.6389627,0.0,303.2,Benign,Benign
6.0,6.0,4856497.0,33912570.0,0.09151543,6.0,6.0,Syn,Attack
38.0,38.0,7043.0,2.0,94.65663,38.0,38.0,Benign,Benign
152.0,392.0,440.81818,4796.0,0.0,152.0,392.0,DrDoS_NTP,Attack
516.0,516.0,1000085.0,3000252.0,0.0,516.0,516.0,TFTP,Attack
516.0,516.0,999865.0,2999593.0,0.0,516.0,516.0,TFTP,Attack
58.0,58.0,6879.6665,3.0,96.90392,58.0,58.0,Benign,Benign
516.0,516.0,999837.7,2999465.0,0.0,516.0,516.0,TFTP,Attack
41.0,41.0,6952.3335,3.0,95.89107,41.0,41.0,Benign,Benign
44.0,44.0,6934.3335,17.0,96.13998,44.0,44.0,Benign,Benign
368.0,435.2,157.27586,412.0,0.0,368.0,435.2,DrDoS_NTP,Attack
47.0,47.0,6999.3335,4.0,95.24717,47.0,47.0,Benign,Benign
0.0,0.0,96.5,0.0,10362.694,0.0,0.0,Benign,Benign
224.0,416.0,25.764706,126.0,0.0,224.0,416.0,DrDoS_NTP,Attack
6.0,6.0,6728189.0,23243816.0,0.03302853,6.0,6.0,Syn,Attack
440.0,440.0,6.4615383,45.0,0.0,440.0,440.0,DrDoS_NTP,Attack
516.0,516.0,1285830.9,3000759.0,0.0,516.0,516.0,TFTP,Attack
6.0,6.0,6623269.0,29039178.0,0.033551745,6.0,6.0,Syn,Attack
0.0,0.0,74.5,0.0,13422.818,0.0,0.0,Benign,Benign
440.0,440.0,342.2748,15466.0,0.0,440.0,440.0,DrDoS_NTP,Attack
29.0,29.0,15754.333,3.0,42.3164,29.0,29.0,Benign,Benign
6.0,6.0,7.5,0.0,133333.33,6.0,6.0,Benign,Benign
33.0,33.0,6960.0,3.0,95.78544,33.0,33.0,Benign,Benign
80.0,414.2857,7.6666665,56.0,0.0,80.0,414.2857,DrDoS_NTP,Attack
6.0,6.0,4281445.0,18159954.0,0.051903553,6.0,6.0,Syn,Attack
449.0,449.0,1.0,1.0,0.0,449.0,449.0,MSSQL,Attack
440.0,440.0,467.78946,1648.0,0.0,440.0,440.0,DrDoS_NTP,Attack
440.0,440.0,15.48,139.0,0.0,440.0,440.0,DrDoS_NTP,Attack
0.0,0.0,1803014.4,6006045.0,0.0,0.0,0.0,Benign,Benign
0.0,0.0,72.0,0.0,13888.889,0.0,0.0,Benign,Benign
6.0,32.25,365.33334,1091.0,0.0,6.0,32.25,Benign,Benign
152.0,432.21622,5.5616436,46.0,0.0,152.0,432.21622,DrDoS_NTP,Attack
6.0,6.0,7291394.0,34040210.0,0.03918514,6.0,6.0,Syn,Attack
516.0,516.0,999963.0,2999887.0,0.0,516.0,516.0,TFTP,Attack
296.0,438.34482,5.653179,66.0,0.0,296.0,438.34482,DrDoS_NTP,Attack
43.0,43.0,7099.6665,3.0,93.90112,43.0,43.0,Benign,Benign
6.0,58.0,6328.6313,52962.0,99.79708,6.0,58.0,Benign,Benign
0.0,30.8,479.5,1845.0,0.0,0.0,30.8,Benign,Benign
0.0,30.75,185.33333,551.0,0.0,0.0,30.75,Benign,Benign
0.0,522.2857,68008.61,1244309.0,8.537818,0.0,522.2857,Benign,Benign
330.0,359.5,35423.0,106267.0,0.0,330.0,359.5,UDP,Attack
440.0,440.0,10.066667,95.0,0.0,440.0,440.0,DrDoS_NTP,Attack
31.0,31.0,21831.334,3.0,30.537148,31.0,31.0,Benign,Benign
1440.0,1440.0,2.0,2.0,0.0,1440.0,1440.0,DrDoS_SNMP,Attack
0.0,70.57143,92.333336,546.0,0.0,0.0,70.57143,Benign,Benign
330.0,349.5,35961.0,107880.0,0.0,330.0,349.5,UDP,Attack
31.0,31.0,31.5,0.0,31746.031,6.0,31.0,Benign,Benign
34.0,34.0,18068.0,1.0,36.897644,34.0,34.0,Benign,Benign
25.0,25.0,7012.0,3.0,95.07511,25.0,25.0,Benign,Benign
0.0,0.0,1.0,1.0,0.0,0.0,0.0,Benign,Benign
0.0,130.57143,57210.375,396767.0,4.369837,0.0,130.57143,Benign,Benign
0.0,138.7619,503245.9,10243980.0,1.1746404,0.0,138.7619,Benign,Benign
0.0,0.0,802463.0,2.0,1.1077008,0.0,0.0,Benign,Benign
40.0,40.0,15330.333,3.0,43.48677,40.0,40.0,Benign,Benign
0.0,30.75,583.6667,1745.0,0.0,0.0,30.75,Benign,Benign
516.0,516.0,1000274.7,3000823.0,0.0,516.0,516.0,TFTP,Attack
440.0,440.0,38303.223,330116.0,0.0,440.0,440.0,DrDoS_NTP,Attack
630.0,630.0,1.0,1.0,0.0,630.0,630.0,MSSQL,Attack
440.0,440.0,186.59789,8967.0,0.0,440.0,440.0,DrDoS_NTP,Attack
516.0,516.0,1000639.0,3001915.0,0.0,516.0,516.0,TFTP,Attack
0.0,136.15384,65316.727,1210260.0,6.9590974,0.0,136.15384,Benign,Benign
0.0,0.0,5848577.0,15031452.0,0.0,0.0,0.0,UDP-lag,Attack
29.0,29.0,7060.6665,3.0,94.41979,29.0,29.0,Benign,Benign
516.0,516.0,1000681.0,3002041.0,0.0,516.0,516.0,TFTP,Attack
224.0,427.29413,112.51515,3556.0,0.0,224.0,427.29413,DrDoS_NTP,Attack
498.0,498.0,1.0,1.0,0.0,498.0,498.0,DrDoS_MSSQL,Attack
516.0,516.0,1002083.0,3006247.0,0.0,516.0,516.0,TFTP,Attack
0.0,173.93939,1919858.5,58619656.0,0.24762754,0.0,173.93939,Benign,Benign
6.0,6.0,4356922.5,13621784.0,0.04173087,6.0,6.0,Syn,Attack
516.0,516.0,1304541.8,3132574.0,0.0,516.0,516.0,TFTP,Attack
440.0,440.0,1738.4,4665.0,0.0,440.0,440.0,DrDoS_NTP,Attack
516.0,516.0,1199981.2,3000064.0,0.0,516.0,516.0,TFTP,Attack
516.0,516.0,1000122.0,3000364.0,0.0,516.0,516.0,TFTP,Attack
296.0,426.9091,136.04762,496.0,0.0,296.0,426.9091,DrDoS_NTP,Attack
440.0,440.0,170.55814,3548.0,0.0,440.0,440.0,DrDoS_NTP,Attack
6.0,6.0,4526139.5,19035128.0,0.06798118,6.0,6.0,Syn,Attack
47.0,47.0,6948.0,1.0,95.950874,47.0,47.0,Benign,Benign
224.0,433.82858,9.376812,96.0,0.0,224.0,433.82858,DrDoS_NTP,Attack
440.0,440.0,244.06667,6094.0,0.0,440.0,440.0,DrDoS_NTP,Attack
28.0,28.0,2.0,2.0,0.0,28.0,28.0,Benign,Benign
440.0,440.0,40.6,101.0,0.0,440.0,440.0,DrDoS_NTP,Attack
0.0,20.666666,1.0,2.0,0.0,0.0,20.666666,Benign,Benign
6.0,6.0,0.5,1.0,0.0,6.0,6.0,Benign,Benign
0.0,0.0,21.0,0.0,47619.047,0.0,0.0,Benign,Benign
516.0,516.0,999877.3,2999590.0,0.0,516.0,516.0,TFTP,Attack
1.0,1.0,6893.3335,1.0,96.7118,0.0,1.0,Benign,Benign
516.0,516.0,997011.7,2991033.0,0.0,516.0,516.0,TFTP,Attack
516.0,516.0,1001288.7,3003863.0,0.0,516.0,516.0,TFTP,Attack
1272.0,1272.0,2.0,2.0,0.0,1272.0,1272.0,LDAP,Attack
0.0,0.0,1.0,1.0,0.0,0.0,0.0,Benign,Benign
440.0,440.0,18.170732,137.0,0.0,440.0,440.0,DrDoS_NTP,Attack
330.0,359.5,35967.0,107899.0,0.0,330.0,359.5,UDP,Attack
31.0,31.0,20628.666,4.0,32.317486,31.0,31.0,Benign,Benign
321.0,348.0,43120.0,110072.0,0.0,321.0,348.0,UDP,Attack
296.0,436.72726,4.62069,48.0,0.0,296.0,436.72726,DrDoS_NTP,Attack
0.0,0.0,805006.7,1.0,1.1042006,0.0,0.0,Benign,Benign
708.0,708.0,1.0,1.0,0.0,708.0,708.0,DrDoS_MSSQL,Attack
37.0,37.0,6893.3335,3.0,96.7118,37.0,37.0,Benign,Benign
516.0,516.0,1000449.7,3001348.0,0.0,516.0,516.0,TFTP,Attack
152.0,382.4,3578.5557,18142.0,0.0,152.0,382.4,DrDoS_NTP,Attack
0.0,86.90909,2984096.8,58015436.0,0.15466605,0.0,86.90909,Benign,Benign
0.0,0.0,1361536.2,9530739.0,0.0,0.0,0.0,Benign,Benign
6.0,6.0,6179721.5,30089848.0,0.03595991,6.0,6.0,Syn,Attack
296.0,435.2,27.152542,155.0,0.0,296.0,435.2,DrDoS_NTP,Attack
440.0,440.0,33.090908,341.0,0.0,440.0,440.0,DrDoS_NTP,Attack
0.0,0.0,53.0,104.0,0.0,0.0,0.0,Benign,Benign
31.0,31.0,21947.334,2.0,30.375748,31.0,31.0,Benign,Benign
6.0,6.0,12481.5,0.0,80.118576,6.0,6.0,Benign,Benign
6.0,6.0,4.0,4.0,0.0,6.0,6.0,Benign,Benign
1464.0,1464.0,2.0,2.0,0.0,1464.0,1464.0,DrDoS_SNMP,Attack
516.0,516.0,1000091.7,3000272.0,0.0,516.0,516.0,TFTP,Attack
6.0,32.25,202.66667,604.0,0.0,6.0,32.25,Benign,Benign
0.0,0.0,811865.44,3.0,1.0948722,0.0,0.0,Benign,Benign
0.0,0.0,5867882.5,29339308.0,0.068167694,0.0,0.0,UDP-lag,Attack
6.0,6.0,3026990.8,12922097.0,0.120131314,6.0,6.0,Syn,Attack
330.0,359.5,35087.332,105260.0,0.0,330.0,359.5,UDP,Attack
440.0,440.0,8.233083,88.0,0.0,440.0,440.0,DrDoS_NTP,Attack
440.0,440.0,77.84615,1238.0,0.0,440.0,440.0,DrDoS_NTP,Attack
516.0,516.0,1001079.3,3003236.0,0.0,516.0,516.0,TFTP,Attack
224.0,429.2,20.23077,167.0,0.0,224.0,429.2,DrDoS_NTP,Attack
224.0,433.82858,6.8985505,68.0,0.0,224.0,433.82858,DrDoS_NTP,Attack
516.0,516.0,1201058.0,3002775.0,0.0,516.0,516.0,TFTP,Attack
330.0,359.5,36429.332,109286.0,0.0,330.0,359.5,UDP,Attack
516.0,516.0,1285871.8,3001014.0,0.0,516.0,516.0,TFTP,Attack
440.0,440.0,107.22581,3370.0,0.0,440.0,440.0,DrDoS_NTP,Attack
6.0,6.0,1493231.2,7466152.0,0.26787546,6.0,6.0,Syn,Attack
516.0,516.0,999497.3,2998491.0,0.0,516.0,516.0,TFTP,Attack
41.0,41.0,6939.0,3.0,96.075325,41.0,41.0,Benign,Benign
0.0,610.25,689732.94,7456645.0,0.5272133,0.0,610.25,Benign,Benign
368.0,437.12,17.755102,284.0,0.0,368.0,437.12,DrDoS_NTP,Attack
92.0,92.0,11441.667,2.0,58.26657,92.0,92.0,Benign,Benign
1472.0,1472.0,1.0,1.0,0.0,1472.0,1472.0,LDAP,Attack
0.0,0.0,794238.9,3.0,1.1191707,0.0,0.0,Benign,Benign
80.0,412.30768,28.52,208.0,0.0,80.0,412.30768,DrDoS_NTP,Attack
43.0,43.0,6939.0,1.0,96.075325,43.0,43.0,Benign,Benign
80.0,414.2857,44.592594,791.0,0.0,80.0,414.2857,DrDoS_NTP,Attack
330.0,359.5,36312.332,108935.0,0.0,330.0,359.5,DrDoS_UDP,Attack
152.0,392.0,37.636364,135.0,0.0,152.0,392.0,DrDoS_NTP,Attack
516.0,516.0,1000485.0,3001453.0,0.0,516.0,516.0,TFTP,Attack
440.0,440.0,975.0,1949.0,0.0,440.0,440.0,DrDoS_NTP,Attack
516.0,516.0,1042268.7,3126804.0,0.0,516.0,516.0,TFTP,Attack
0.0,0.0,147.5,0.0,6779.661,0.0,0.0,Benign,Benign
516.0,516.0,1000091.3,3000271.0,0.0,516.0,516.0,TFTP,Attack
0.0,97.07143,213000.83,4968953.0,2.1517913,0.0,97.07143,Benign,Benign
440.0,440.0,23.923077,99.0,0.0,440.0,440.0,DrDoS_NTP,Attack
516.0,516.0,1345709.6,3111093.0,0.0,516.0,516.0,TFTP,Attack
6.0,6.0,5920327.0,29123472.0,0.030710835,6.0,6.0,Syn,Attack
0.0,25.333334,25.25,99.0,19801.98,0.0,25.333334,Benign,Benign
330.0,349.5,34891.332,104672.0,0.0,330.0,349.5,UDP,Attack
152.0,382.4,8.555555,68.0,0.0,152.0,382.4,DrDoS_NTP,Attack
39.0,39.0,7287.3335,1.0,91.48294,39.0,39.0,Benign,Benign
0.0,0.0,31.0,0.0,32258.064,0.0,0.0,Benign,Benign
516.0,516.0,1002248.7,3006742.0,0.0,516.0,516.0,TFTP,Attack
6.0,6.0,27337.5,0.0,36.57979,6.0,6.0,Benign,Benign
6.0,6.0,2922049.8,18976864.0,0.13689022,6.0,6.0,Syn,Attack
321.0,348.0,43622.6,110242.0,0.0,321.0,348.0,UDP-lag,Attack
38.0,38.0,6875.3335,3.0,96.965,38.0,38.0,Benign,Benign
0.0,248.33333,1.0,1.0,0.0,0.0,248.33333,Benign,Benign
516.0,516.0,999895.0,2999683.0,0.0,516.0,516.0,TFTP,Attack
296.0,435.63635,3.7538462,46.0,0.0,296.0,435.63635,DrDoS_NTP,Attack
224.0,368.0,1.4,2.0,0.0,224.0,368.0,DrDoS_NTP,Attack
440.0,440.0,265.66666,794.0,0.0,440.0,440.0,DrDoS_NTP,Attack
296.0,436.57144,4.8915663,48.0,0.0,296.0,436.57144,DrDoS_NTP,Attack
516.0,516.0,1285769.8,3000233.0,0.0,516.0,516.0,TFTP,Attack
80.0,410.0,22.217392,261.0,0.0,80.0,410.0,DrDoS_NTP,Attack
516.0,516.0,1000259.7,3000776.0,0.0,516.0,516.0,TFTP,Attack
0.0,0.0,807669.25,3.0,1.1005605,0.0,0.0,Benign,Benign
516.0,516.0,1000036.0,3000105.0,0.0,516.0,516.0,TFTP,Attack
440.0,440.0,20.291458,185.0,0.0,440.0,440.0,DrDoS_NTP,Attack
0.0,0.0,7079660.0,22577068.0,0.0,0.0,0.0,UDP-lag,Attack
0.0,0.0,2244874.2,10001447.0,0.0,0.0,0.0,Benign,Benign
516.0,516.0,1000384.7,3001153.0,0.0,516.0,516.0,TFTP,Attack
0.0,70.0,1674986.5,58703420.0,0.29850987,0.0,70.0,Benign,Benign
0.0,23.0,12436.8,62179.0,32.162613,0.0,23.0,Benign,Benign
440.0,440.0,86.12,1051.0,0.0,440.0,440.0,DrDoS_NTP,Attack
440.0,440.0,59.96175,891.0,0.0,440.0,440.0,DrDoS_NTP,Attack
0.0,0.0,99.0,0.0,10101.01,0.0,0.0,Benign,Benign
6.0,6.0,10547.5,0.0,94.8092,6.0,6.0,Benign,Benign
0.0,0.0,809121.1,2.0,1.0985857,0.0,0.0,Benign,Benign
152.0,432.8,6.341772,53.0,0.0,152.0,432.8,DrDoS_NTP,Attack
44.0,44.0,6937.3335,7.0,96.098404,44.0,44.0,Benign,Benign
42.0,42.0,7050.0,3.0,94.562645,42.0,42.0,Benign,Benign
657.0,657.0,1.0,1.0,0.0,657.0,657.0,MSSQL,Attack
43.0,43.0,7047.6665,3.0,94.593956,43.0,43.0,Benign,Benign
41.0,41.0,6932.6665,2.0,96.16309,41.0,41.0,Benign,Benign
47.0,47.0,23445.666,3.0,28.434536,47.0,47.0,Benign,Benign
368.0,437.12,18.612246,209.0,0.0,368.0,437.12,DrDoS_NTP,Attack
0.0,390.5,3111.96,23522.0,179.9509,0.0,390.5,Benign,Benign
440.0,440.0,5.587156,62.0,0.0,440.0,440.0,DrDoS_NTP,Attack
38.0,38.0,6919.0,2.0,96.353035,38.0,38.0,Benign,Benign
44.0,44.0,7163.3335,2.0,93.06654,44.0,44.0,Benign,Benign
0.0,0.0,35.5,0.0,28169.014,0.0,0.0,Benign,Benign
42.0,42.0,6869.6665,3.0,97.04498,42.0,42.0,Benign,Benign
516.0,516.0,1000063.3,3000188.0,0.0,516.0,516.0,TFTP,Attack
6.0,6.0,18547.666,0.0,53.91514,6.0,6.0,Benign,Benign
516.0,516.0,1000447.0,3001339.0,0.0,516.0,516.0,TFTP,Attack
516.0,516.0,1200186.6,3000612.0,0.0,516.0,516.0,TFTP,Attack
440.0,440.0,20.243654,219.0,0.0,440.0,440.0,DrDoS_NTP,Attack
80.0,260.0,0.33333334,1.0,0.0,80.0,260.0,DrDoS_NTP,Attack
53.0,53.0,15498.0,3.0,43.016304,53.0,53.0,Benign,Benign
6.0,6.0,5624225.0,20714452.0,0.039511617,6.0,6.0,Syn,Attack
0.0,0.0,83.0,0.0,12048.192,0.0,0.0,Benign,Benign
36.0,36.0,6951.6665,1.0,95.90026,36.0,36.0,Benign,Benign
0.0,117.14286,39404.875,258551.0,6.344393,0.0,117.14286,Benign,Benign
0.0,0.90909094,2240961.5,10046440.0,0.22311853,0.0,0.90909094,Benign,Benign
6.0,6.0,125.333336,0.0,7978.7236,6.0,6.0,Benign,Benign
0.0,0.0,2994638.0,9918249.0,0.0,0.0,0.0,Benign,Benign
152.0,428.48,11.714286,117.0,0.0,152.0,428.48,DrDoS_NTP,Attack
6.0,6.0,3583.9062,95407.0,261.5861,6.0,6.0,Benign,Benign
80.0,418.82352,15.787879,67.0,0.0,80.0,418.82352,DrDoS_NTP,Attack
47.0,47.0,6892.3335,1.0,96.72583,47.0,47.0,Benign,Benign
440.0,440.0,6.160714,108.0,0.0,440.0,440.0,DrDoS_NTP,Attack
41.0,41.0,6917.6665,3.0,96.37161,41.0,41.0,Benign,Benign
516.0,516.0,1208828.4,3044859.0,0.0,516.0,516.0,TFTP,Attack
516.0,516.0,999937.7,2999810.0,0.0,516.0,516.0,TFTP,Attack
516.0,516.0,998495.3,2995484.0,0.0,516.0,516.0,TFTP,Attack
0.0,0.0,3.0,3.0,0.0,0.0,0.0,Benign,Benign
321.0,348.0,46020.8,120028.0,0.0,321.0,348.0,UDP,Attack
0.0,144.28572,140059.38,1065064.0,1.7849573,0.0,144.28572,Benign,Benign
368.0,437.12,16.734694,192.0,0.0,368.0,437.12,DrDoS_NTP,Attack
32.0,32.0,6861.0,0.0,97.167564,32.0,32.0,Benign,Benign
6.0,6.0,124.0,245.0,0.0,6.0,6.0,Benign,Benign
368.0,428.0,55.363636,204.0,0.0,368.0,428.0,DrDoS_NTP,Attack
516.0,516.0,1002655.7,3007964.0,0.0,516.0,516.0,TFTP,Attack
516.0,516.0,1200546.0,3002433.0,0.0,516.0,516.0,TFTP,Attack
0.0,85.925,1522672.1,10243980.0,0.3197288,0.0,85.925,Benign,Benign
1.0,1.0,58103.668,1.0,11.473745,0.0,1.0,Benign,Benign
1.0,1.0,9498.0,2.0,70.190216,0.0,1.0,Benign,Benign
152.0,416.0,4.826087,42.0,0.0,152.0,416.0,DrDoS_NTP,Attack
321.0,348.0,43282.4,110641.0,0.0,321.0,348.0,UDP,Attack
0.0,0.0,60893.4,52525.0,9.853285,0.0,0.0,Benign,Benign
296.0,438.10526,72.17219,1308.0,0.0,296.0,438.10526,DrDoS_NTP,Attack
0.0,72.333336,15330.091,83852.0,35.580647,0.0,72.333336,Benign,Benign
516.0,516.0,1001845.0,3005533.0,0.0,516.0,516.0,TFTP,Attack
614.0,614.0,1.0,1.0,0.0,614.0,614.0,MSSQL,Attack
0.0,0.0,440731.16,1.0,1.9448203,0.0,0.0,Benign,Benign
440.0,440.0,21.657343,206.0,0.0,440.0,440.0,DrDoS_NTP,Attack
83.0,83.0,15012.667,2.0,44.406944,83.0,83.0,Benign,Benign
0.0,10.333333,14.285714,50.0,20000.0,0.0,10.333333,Benign,Benign
80.0,431.0,6.886076,52.0,0.0,80.0,431.0,DrDoS_NTP,Attack
440.0,440.0,24.545454,112.0,0.0,440.0,440.0,DrDoS_NTP,Attack
6.0,6.0,38.333332,45.0,17391.305,6.0,6.0,Syn,Attack
0.0,0.0,811083.7,2.0,1.0959275,0.0,0.0,Benign,Benign
0.0,86.90909,3005528.8,58910612.0,0.15356316,0.0,86.90909,Benign,Benign
6.0,32.25,375.0,1122.0,0.0,6.0,32.25,Benign,Benign
516.0,516.0,999715.7,2999145.0,0.0,516.0,516.0,TFTP,Attack
516.0,516.0,1000495.0,3001483.0,0.0,516.0,516.0,TFTP,Attack
44.0,44.0,15236.0,4.0,43.756016,44.0,44.0,Benign,Benign
6.0,32.25,352.66666,1053.0,0.0,6.0,32.25,Benign,Benign
0.0,23.0,18695.2,93474.0,21.395866,0.0,23.0,Benign,Benign
0.0,30.75,356.0,1063.0,0.0,0.0,30.75,Benign,Benign
6.0,6.0,95.666664,0.0,10452.962,6.0,6.0,Benign,Benign
817.0,817.0,1.0,1.0,0.0,817.0,817.0,DrDoS_DNS,Attack
440.0,440.0,30.68421,1469.0,0.0,440.0,440.0,DrDoS_NTP,Attack
29.0,29.0,15337.0,3.0,43.467865,29.0,29.0,Benign,Benign
224.0,396.8,504.44446,4048.0,0.0,224.0,396.8,DrDoS_NTP,Attack
6.0,6.0,27449.5,0.0,36.430534,6.0,6.0,Benign,Benign
29.0,29.0,15638.667,3.0,42.62938,29.0,29.0,Benign,Benign
83.0,83.0,7052.6665,3.0,94.52689,83.0,83.0,Benign,Benign
516.0,516.0,1285669.1,3000146.0,0.0,516.0,516.0,TFTP,Attack
31.0,31.0,6991.0,3.0,95.3607,31.0,31.0,Benign,Benign
42.0,42.0,6937.3335,3.0,96.098404,42.0,42.0,Benign,Benign
0.0,0.0,61192.0,0.0,16.342005,0.0,0.0,Benign,Benign
80.0,420.0,6.9142857,53.0,0.0,80.0,420.0,DrDoS_NTP,Attack
440.0,440.0,5.0,43.0,0.0,440.0,440.0,DrDoS_NTP,Attack
0.0,0.0,47.0,47.0,0.0,0.0,0.0,UDP-lag,Attack
0.0,0.0,9425327.0,28275978.0,0.0,0.0,0.0,UDP-lag,Attack
0.0,243.6,390480.16,58597360.0,1.5551642,0.0,243.6,Benign,Benign
440.0,440.0,28.391304,202.0,0.0,440.0,440.0,DrDoS_NTP,Attack
440.0,440.0,103.57143,409.0,0.0,440.0,440.0,DrDoS_NTP,Attack
516.0,516.0,999407.7,2998220.0,0.0,516.0,516.0,TFTP,Attack
0.0,0.0,800563.1,2.0,1.1103295,0.0,0.0,Benign,Benign
415.0,415.0,1.0,1.0,0.0,415.0,415.0,MSSQL,Attack
516.0,516.0,1032539.7,3097616.0,0.0,516.0,516.0,TFTP,Attack
516.0,516.0,1001669.7,3004965.0,0.0,516.0,516.0,TFTP,Attack
152.0,423.05884,87.030304,654.0,0.0,152.0,423.05884,DrDoS_NTP,Attack
6.0,18.5,1.0,1.0,0.0,6.0,18.5,Benign,Benign
516.0,516.0,1287429.0,3004034.0,0.0,516.0,516.0,TFTP,Attack
296.0,428.92307,37.68,440.0,0.0,296.0,428.92307,DrDoS_NTP,Attack
6.0,134.85715,1172121.0,58415132.0,0.49254265,6.0,134.85715,Benign,Benign
0.0,0.0,6641038.5,19923116.0,0.0,0.0,0.0,UDP-lag,Attack
516.0,516.0,147815.83,862359.0,0.0,516.0,516.0,TFTP,Attack
40.0,40.0,6958.6665,3.0,95.803795,40.0,40.0,Benign,Benign
6.0,6.0,65.333336,0.0,15306.122,6.0,6.0,Benign,Benign
516.0,516.0,999872.3,2999602.0,0.0,516.0,516.0,TFTP,Attack
224.0,386.0,706.2857,2846.0,0.0,224.0,386.0,DrDoS_NTP,Attack
516.0,516.0,1001804.7,3005371.0,0.0,516.0,516.0,TFTP,Attack
31.0,31.0,6892.3335,3.0,96.72583,31.0,31.0,Benign,Benign
0.0,312.0,2791.7097,26438.0,207.98909,0.0,312.0,Benign,Benign
0.0,0.0,63.666668,0.0,15706.807,0.0,0.0,Benign,Benign
0.0,0.0,1.5,2.0,0.0,0.0,0.0,Benign,Benign
41.0,41.0,6919.6665,2.0,96.34376,41.0,41.0,Benign,Benign
0.0,0.0,32255.0,0.0,31.002945,0.0,0.0,Benign,Benign
368.0,438.36365,4.1034484,41.0,0.0,368.0,438.36365,DrDoS_NTP,Attack
31.0,31.0,6892.0,3.0,96.73051,31.0,31.0,Benign,Benign
6.0,6.0,59.0,0.0,16949.152,6.0,6.0,Benign,Benign
321.0,348.0,43850.4,109871.0,0.0,321.0,348.0,UDP,Attack
0.0,0.0,28625.0,0.0,34.934498,0.0,0.0,Benign,Benign
0.0,0.0,9697530.0,28001852.0,0.0,0.0,0.0,Benign,Benign
0.0,0.0,3.0,3.0,0.0,0.0,0.0,Benign,Benign
516.0,516.0,1000061.0,3000181.0,0.0,516.0,516.0,TFTP,Attack
6.0,6.0,18584.0,0.0,53.80973,6.0,6.0,Benign,Benign
516.0,516.0,1200081.6,3000369.0,0.0,516.0,516.0,TFTP,Attack
0.0,83.76471,12867.0,357797.0,44.110325,0.0,83.76471,Benign,Benign
516.0,516.0,1000303.7,3000907.0,0.0,516.0,516.0,TFTP,Attack
440.0,440.0,2352.8,5884.0,0.0,440.0,440.0,DrDoS_NTP,Attack
43.0,43.0,43014.668,3.0,15.4985895,43.0,43.0,Benign,Benign
44.0,44.0,6897.0,3.0,96.660385,44.0,44.0,Benign,Benign
41.0,41.0,18557.666,2.0,35.924057,41.0,41.0,Benign,Benign
0.0,0.0,40855.0,0.0,24.476809,0.0,0.0,Benign,Benign
6.0,6.0,1435114.6,10030796.0,0.39817628,0.0,6.0,Benign,Benign
37.0,37.0,6876.0,3.0,96.9556,37.0,37.0,Benign,Benign
41.0,41.0,6862.0,3.0,97.153404,41.0,41.0,Benign,Benign
38.0,38.0,15835.667,2.0,42.09906,38.0,38.0,Benign,Benign
80.0,431.42856,6.0240965,45.0,0.0,80.0,431.42856,DrDoS_NTP,Attack
0.0,0.0,54.5,0.0,18348.623,0.0,0.0,Benign,Benign
296.0,425.6,5.6842103,45.0,0.0,296.0,425.6,DrDoS_NTP,Attack
0.0,0.0,43.0,85.0,0.0,0.0,0.0,Benign,Benign
0.0,0.0,65.0,65.0,0.0,0.0,0.0,Benign,Benign
60.0,60.0,6883.0,3.0,96.85699,60.0,60.0,Benign,Benign
516.0,516.0,1000150.7,3000450.0,0.0,516.0,516.0,TFTP,Attack
42.0,42.0,15811.0,3.0,42.164738,42.0,42.0,Benign,Benign
0.0,23.0,34319.2,171591.0,11.655283,0.0,23.0,Benign,Benign
